study_ID,temp_init,temp_regime,temp_range,treatment_name_study,mean_temp,min_temp,max_temp,DTR,fluc_type,ramp_type,mean_time,min_time,max_time,trait,trait_def,units,rate,sample_size,variance_type,variance_value,qual_measure,ind_pop,order,family,genus,species,LS_treat,LS_measure,vert_invert,plant_animal,lab_wild,lat,long,body_size,thermoregulate,notes,notes2,X39,study_digits,temp,curve.id,study_trait,curve.id.orig,==...,curve.id.new
111,21,0,NA,constant_25,14,14,14,NA,NA,NA,2880,NA,NA,fecundity,NA,eggs/day,2,1,14,5,1,0,Eukarya,Diptera,Drosophilidae,Drosophila,melanogaster,1,1,1,1,1,25.761,80.192,0,0,Begin Miami flies,NA,3,14,111_fecundity_Drosophila_25.761,111_fecundity,111_fecundity_Drosophila_25.761_0_Begin Miami flies,FALSE,111_fecundity_Drosophila_25.761
111,21,0,NA,constant_25,18,18,18,NA,NA,NA,2880,NA,NA,fecundity,NA,eggs/day,17,1,18,20.7,1,0,Eukarya,Diptera,Drosophilidae,Drosophila,melanogaster,1,1,1,1,1,25.761,80.192,0,0,Begin Miami flies,NA,3,18,111_fecundity_Drosophila_25.761,111_fecundity,111_fecundity_Drosophila_25.761_0_Begin Miami flies,FALSE,111_fecundity_Drosophila_25.761
111,21,0,NA,constant_25,21,21,21,NA,NA,NA,2880,NA,NA,fecundity,NA,eggs/day,41,1,21,43.2,1,0,Eukarya,Diptera,Drosophilidae,Drosophila,melanogaster,1,1,1,1,1,25.761,80.192,0,0,Begin Miami flies,NA,3,21,111_fecundity_Drosophila_25.761,111_fecundity,111_fecundity_Drosophila_25.761_0_Begin Miami flies,FALSE,111_fecundity_Drosophila_25.761
111,21,0,NA,constant_25,25,25,25,NA,NA,NA,2880,NA,NA,fecundity,NA,eggs/day,57,1,25,60.2,1,0,Eukarya,Diptera,Drosophilidae,Drosophila,melanogaster,1,1,1,1,1,25.761,80.192,0,0,Begin Miami flies,NA,3,25,111_fecundity_Drosophila_25.761,111_fecundity,111_fecundity_Drosophila_25.761_0_Begin Miami flies,FALSE,111_fecundity_Drosophila_25.761
111,21,0,NA,constant_25,28,28,28,NA,NA,NA,2880,NA,NA,fecundity,NA,eggs/day,80,1,28,94.3,1,0,Eukarya,Diptera,Drosophilidae,Drosophila,melanogaster,1,1,1,1,1,25.761,80.192,0,0,Begin Miami flies,NA,3,28,111_fecundity_Drosophila_25.761,111_fecundity,111_fecundity_Drosophila_25.761_0_Begin Miami flies,FALSE,111_fecundity_Drosophila_25.761
111,21,0,NA,constant_25,30,30,30,NA,NA,NA,2880,NA,NA,fecundity,NA,eggs/day,79,1,30,76.6,1,0,Eukarya,Diptera,Drosophilidae,Drosophila,melanogaster,1,1,1,1,1,25.761,80.192,0,0,Begin Miami flies,NA,3,30,111_fecundity_Drosophila_25.761,111_fecundity,111_fecundity_Drosophila_25.761_0_Begin Miami flies,FALSE,111_fecundity_Drosophila_25.761
111,21,0,NA,constant_25,33,33,33,NA,NA,NA,2880,NA,NA,fecundity,NA,eggs/day,60,1,33,68.4,1,0,Eukarya,Diptera,Drosophilidae,Drosophila,melanogaster,1,1,1,1,1,25.761,80.192,0,0,Begin Miami flies,NA,3,33,111_fecundity_Drosophila_25.761,111_fecundity,111_fecundity_Drosophila_25.761_0_Begin Miami flies,FALSE,111_fecundity_Drosophila_25.761
111,21,0,NA,constant_25,36,36,36,NA,NA,NA,2880,NA,NA,fecundity,NA,eggs/day,8,1,36,18.6,1,0,Eukarya,Diptera,Drosophilidae,Drosophila,melanogaster,1,1,1,1,1,25.761,80.192,0,0,Begin Miami flies,NA,3,36,111_fecundity_Drosophila_25.761,111_fecundity,111_fecundity_Drosophila_25.761_0_Begin Miami flies,FALSE,111_fecundity_Drosophila_25.761
111,21,0,NA,constant_25,14,14,14,NA,NA,NA,2880,NA,NA,fecundity,NA,eggs/day,4,1,14,2.3,1,0,Eukarya,Diptera,Drosophilidae,Drosophila,melanogaster,1,1,1,1,1,39.891,74.922,0,0,Begin New Jersey flies,NA,3,14,111_fecundity_Drosophila_39.891,111_fecundity,111_fecundity_Drosophila_39.891_0_Begin New Jersey flies,FALSE,111_fecundity_Drosophila_39.891
111,21,0,NA,constant_25,18,18,18,NA,NA,NA,2880,NA,NA,fecundity,NA,eggs/day,28,1,18,13.9,1,0,Eukarya,Diptera,Drosophilidae,Drosophila,melanogaster,1,1,1,1,1,39.891,74.922,0,0,Begin New Jersey flies,NA,3,18,111_fecundity_Drosophila_39.891,111_fecundity,111_fecundity_Drosophila_39.891_0_Begin New Jersey flies,FALSE,111_fecundity_Drosophila_39.891
111,21,0,NA,constant_25,21,21,21,NA,NA,NA,2880,NA,NA,fecundity,NA,eggs/day,59,1,21,44.5,1,0,Eukarya,Diptera,Drosophilidae,Drosophila,melanogaster,1,1,1,1,1,39.891,74.922,0,0,Begin New Jersey flies,NA,3,21,111_fecundity_Drosophila_39.891,111_fecundity,111_fecundity_Drosophila_39.891_0_Begin New Jersey flies,FALSE,111_fecundity_Drosophila_39.891
111,21,0,NA,constant_25,25,25,25,NA,NA,NA,2880,NA,NA,fecundity,NA,eggs/day,81,1,25,52.7,1,0,Eukarya,Diptera,Drosophilidae,Drosophila,melanogaster,1,1,1,1,1,39.891,74.922,0,0,Begin New Jersey flies,NA,3,25,111_fecundity_Drosophila_39.891,111_fecundity,111_fecundity_Drosophila_39.891_0_Begin New Jersey flies,FALSE,111_fecundity_Drosophila_39.891
111,21,0,NA,constant_25,28,28,28,NA,NA,NA,2880,NA,NA,fecundity,NA,eggs/day,97,1,28,84.1,1,0,Eukarya,Diptera,Drosophilidae,Drosophila,melanogaster,1,1,1,1,1,39.891,74.922,0,0,Begin New Jersey flies,NA,3,28,111_fecundity_Drosophila_39.891,111_fecundity,111_fecundity_Drosophila_39.891_0_Begin New Jersey flies,FALSE,111_fecundity_Drosophila_39.891
111,21,0,NA,constant_25,30,30,30,NA,NA,NA,2880,NA,NA,fecundity,NA,eggs/day,84,1,30,59.5,1,0,Eukarya,Diptera,Drosophilidae,Drosophila,melanogaster,1,1,1,1,1,39.891,74.922,0,0,Begin New Jersey flies,NA,3,30,111_fecundity_Drosophila_39.891,111_fecundity,111_fecundity_Drosophila_39.891_0_Begin New Jersey flies,FALSE,111_fecundity_Drosophila_39.891
111,21,0,NA,constant_25,33,33,33,NA,NA,NA,2880,NA,NA,fecundity,NA,eggs/day,68,1,33,62.3,1,0,Eukarya,Diptera,Drosophilidae,Drosophila,melanogaster,1,1,1,1,1,39.891,74.922,0,0,Begin New Jersey flies,NA,3,33,111_fecundity_Drosophila_39.891,111_fecundity,111_fecundity_Drosophila_39.891_0_Begin New Jersey flies,FALSE,111_fecundity_Drosophila_39.891
111,21,0,NA,constant_25,36,36,36,NA,NA,NA,2880,NA,NA,fecundity,NA,eggs/day,10,1,36,11.8,1,0,Eukarya,Diptera,Drosophilidae,Drosophila,melanogaster,1,1,1,1,1,39.891,74.922,0,0,Begin New Jersey flies,NA,3,36,111_fecundity_Drosophila_39.891,111_fecundity,111_fecundity_Drosophila_39.891_0_Begin New Jersey flies,FALSE,111_fecundity_Drosophila_39.891
119,NA,0,6,NA,24,24,24,0,NA,NA,NA,NA,NA,weight gain,NA,g/day,0.376,12,NA,NA,0,0,NA,NA,Oreochromis,niloticus,0,0,0,1,0,NA,NA,1,NA,NA,NA,NA,3,24,119_weight gain_niloticus_NA,119_weight gain,119_weight gain_niloticus_NA_NA_NA,TRUE,119_weight gain_niloticus_NA
119,NA,0,6,NA,26,26,26,0,NA,NA,NA,NA,NA,weight gain,NA,g/day,0.505,12,NA,NA,0,0,NA,NA,Oreochromis,niloticus,0,0,0,1,0,NA,NA,1,NA,NA,NA,NA,3,26,119_weight gain_niloticus_NA,119_weight gain,119_weight gain_niloticus_NA_NA_NA,TRUE,119_weight gain_niloticus_NA
119,NA,0,6,NA,28,28,28,0,NA,NA,NA,NA,NA,weight gain,NA,g/day,0.577,12,NA,NA,0,0,NA,NA,Oreochromis,niloticus,0,0,0,1,0,NA,NA,1,NA,NA,NA,NA,3,28,119_weight gain_niloticus_NA,119_weight gain,119_weight gain_niloticus_NA_NA_NA,TRUE,119_weight gain_niloticus_NA
119,NA,0,6,NA,30,30,30,0,NA,NA,NA,NA,NA,weight gain,NA,g/day,0.566,12,NA,NA,0,0,NA,NA,Oreochromis,niloticus,0,0,0,1,0,NA,NA,1,NA,NA,NA,NA,3,30,119_weight gain_niloticus_NA,119_weight gain,119_weight gain_niloticus_NA_NA_NA,TRUE,119_weight gain_niloticus_NA
119,NA,0,6,NA,24,24,24,0,NA,NA,NA,NA,NA,weight gain,NA,g/day,0.517,12,NA,NA,0,0,NA,NA,Oreochromis,niloticus,1,1,0,1,0,NA,NA,1,NA,NA,NA,NA,3,24,119_weight gain_niloticus_NA,119_weight gain,119_weight gain_niloticus_NA_NA_NA,TRUE,119_weight gain_niloticus_NA
119,NA,0,6,NA,26,26,26,0,NA,NA,NA,NA,NA,weight gain,NA,g/day,0.61,12,NA,NA,0,0,NA,NA,Oreochromis,niloticus,1,1,0,1,0,NA,NA,1,NA,NA,NA,NA,3,26,119_weight gain_niloticus_NA,119_weight gain,119_weight gain_niloticus_NA_NA_NA,TRUE,119_weight gain_niloticus_NA
119,NA,0,6,NA,28,28,28,0,NA,NA,NA,NA,NA,weight gain,NA,g/day,0.803,12,NA,NA,0,0,NA,NA,Oreochromis,niloticus,1,1,0,1,0,NA,NA,1,NA,NA,NA,NA,3,28,119_weight gain_niloticus_NA,119_weight gain,119_weight gain_niloticus_NA_NA_NA,TRUE,119_weight gain_niloticus_NA
119,NA,0,6,NA,30,30,30,0,NA,NA,NA,NA,NA,weight gain,NA,g/day,0.72,12,NA,NA,0,0,NA,NA,Oreochromis,niloticus,1,1,0,1,0,NA,NA,1,NA,NA,NA,NA,3,30,119_weight gain_niloticus_NA,119_weight gain,119_weight gain_niloticus_NA_NA_NA,TRUE,119_weight gain_niloticus_NA
119,NA,0,4,NA,24,24,24,0,NA,NA,NA,NA,NA,weight gain,(weight 2 - weight 1) / # days of experiment,g/day,0.34,12,NA,NA,0,0,NA,NA,Oreochromis,niloticus,0,0,0,1,0,NA,NA,1,NA,NA,NA,NA,3,24,119_weight gain_niloticus_NA,119_weight gain,119_weight gain_niloticus_NA_NA_NA,TRUE,119_weight gain_niloticus_NA
119,NA,0,4,NA,26,26,26,0,NA,NA,NA,NA,NA,weight gain,(weight 2 - weight 1) / # days of experiment,g/day,0.47,12,NA,NA,0,0,NA,NA,Oreochromis,niloticus,0,0,0,1,0,NA,NA,1,NA,NA,NA,NA,3,26,119_weight gain_niloticus_NA,119_weight gain,119_weight gain_niloticus_NA_NA_NA,TRUE,119_weight gain_niloticus_NA
119,NA,0,4,NA,28,28,28,0,NA,NA,NA,NA,NA,weight gain,(weight 2 - weight 1) / # days of experiment,g/day,0.57,12,NA,NA,0,0,NA,NA,Oreochromis,niloticus,0,0,0,1,0,NA,NA,1,NA,NA,NA,NA,3,28,119_weight gain_niloticus_NA,119_weight gain,119_weight gain_niloticus_NA_NA_NA,TRUE,119_weight gain_niloticus_NA
119,NA,0,4,NA,26,24,24,0,NA,NA,NA,NA,NA,weight gain,(weight 2 - weight 1) / # days of experiment,g/day,0.65,10,NA,NA,0,0,NA,NA,Oreochromis,niloticus,0,0,0,1,0,NA,NA,1,NA,NA,NA,NA,3,26,119_weight gain_niloticus_NA,119_weight gain,119_weight gain_niloticus_NA_NA_NA,TRUE,119_weight gain_niloticus_NA
119,NA,0,4,NA,28,26,26,0,NA,NA,NA,NA,NA,weight gain,(weight 2 - weight 1) / # days of experiment,g/day,0.83,10,NA,NA,0,0,NA,NA,Oreochromis,niloticus,0,0,0,1,0,NA,NA,1,NA,NA,NA,NA,3,28,119_weight gain_niloticus_NA,119_weight gain,119_weight gain_niloticus_NA_NA_NA,TRUE,119_weight gain_niloticus_NA
119,NA,0,4,NA,30,28,28,0,NA,NA,NA,NA,NA,weight gain,(weight 2 - weight 1) / # days of experiment,g/day,0.78,10,NA,NA,0,0,NA,NA,Oreochromis,niloticus,0,0,0,1,0,NA,NA,1,NA,NA,NA,NA,3,30,119_weight gain_niloticus_NA,119_weight gain,119_weight gain_niloticus_NA_NA_NA,TRUE,119_weight gain_niloticus_NA
119,NA,0,6,NA,24,24,24,0,NA,NA,NA,NA,NA,weight gain,change in wet mass from beginning to end / total days,g/day,3.52,NA,NA,NA,0,1,NA,NA,Pistia,stratiotes,NA,NA,1,0,0,NA,NA,0,NA,NA,NA,NA,3,24,119_weight gain_stratiotes_NA,119_weight gain,119_weight gain_stratiotes_NA_NA_NA,TRUE,119_weight gain_stratiotes_NA
119,NA,0,6,NA,26,26,26,0,NA,NA,NA,NA,NA,weight gain,change in wet mass from beginning to end / total days,g/day,4.57,NA,NA,NA,0,1,NA,NA,Pistia,stratiotes,NA,NA,1,0,0,NA,NA,0,NA,NA,NA,NA,3,26,119_weight gain_stratiotes_NA,119_weight gain,119_weight gain_stratiotes_NA_NA_NA,TRUE,119_weight gain_stratiotes_NA
119,NA,0,6,NA,28,28,28,0,NA,NA,NA,NA,NA,weight gain,change in wet mass from beginning to end / total days,g/day,6.22,NA,NA,NA,0,1,NA,NA,Pistia,stratiotes,NA,NA,1,0,0,NA,NA,0,NA,NA,NA,NA,3,28,119_weight gain_stratiotes_NA,119_weight gain,119_weight gain_stratiotes_NA_NA_NA,TRUE,119_weight gain_stratiotes_NA
119,NA,0,6,NA,30,30,30,0,NA,NA,NA,NA,NA,weight gain,change in wet mass from beginning to end / total days,g/day,7.23,NA,NA,NA,0,1,NA,NA,Pistia,stratiotes,NA,NA,1,0,0,NA,NA,0,NA,NA,NA,NA,3,30,119_weight gain_stratiotes_NA,119_weight gain,119_weight gain_stratiotes_NA_NA_NA,TRUE,119_weight gain_stratiotes_NA
150,NA,0,11,NA,23,23,23,0,NA,NA,NA,NA,NA,Duration of incubation,number of days from laying to hatching,days,97.2,50,SE,0.4,0,1,NA,NA,Pelodiscus,sinensis,0,0,0,1,0,30.2741,120.1551,2,1,NA,NA,NA,3,23,150_Duration of incubation_sinensis_120.1551,150_Duration of incubation,150_Duration of incubation_sinensis_120.1551_NA_NA,TRUE,150_Duration of incubation_sinensis_120.1551
150,NA,0,11,NA,24,24,24,0,NA,NA,NA,NA,NA,Duration of incubation,number of days from laying to hatching,days,88.6,23,SE,0.1,0,1,NA,NA,Pelodiscus,sinensis,0,0,0,1,0,30.2741,120.1551,2,1,NA,NA,NA,3,24,150_Duration of incubation_sinensis_120.1551,150_Duration of incubation,150_Duration of incubation_sinensis_120.1551_NA_NA,TRUE,150_Duration of incubation_sinensis_120.1551
150,NA,0,11,NA,26.5,26.5,26.5,0,NA,NA,NA,NA,NA,Duration of incubation,number of days from laying to hatching,days,66.1,38,SE,0.4,0,1,NA,NA,Pelodiscus,sinensis,0,0,0,1,0,30.2741,120.1551,2,1,NA,NA,NA,3,26.5,150_Duration of incubation_sinensis_120.1551,150_Duration of incubation,150_Duration of incubation_sinensis_120.1551_NA_NA,TRUE,150_Duration of incubation_sinensis_120.1551
150,NA,0,11,NA,27,27,27,0,NA,NA,NA,NA,NA,Duration of incubation,number of days from laying to hatching,days,63.4,32,SE,0.2,0,1,NA,NA,Pelodiscus,sinensis,0,0,0,1,0,30.2741,120.1551,2,1,NA,NA,NA,3,27,150_Duration of incubation_sinensis_120.1551,150_Duration of incubation,150_Duration of incubation_sinensis_120.1551_NA_NA,TRUE,150_Duration of incubation_sinensis_120.1551
150,NA,0,11,NA,28,28,28,0,NA,NA,NA,NA,NA,Duration of incubation,number of days from laying to hatching,days,56.3,30,SE,0.3,0,1,NA,NA,Pelodiscus,sinensis,0,0,0,1,0,30.2741,120.1551,2,1,NA,NA,NA,3,28,150_Duration of incubation_sinensis_120.1551,150_Duration of incubation,150_Duration of incubation_sinensis_120.1551_NA_NA,TRUE,150_Duration of incubation_sinensis_120.1551
150,NA,0,11,NA,30,30,30,0,NA,NA,NA,NA,NA,Duration of incubation,number of days from laying to hatching,days,45.7,71,SE,0.2,0,1,NA,NA,Pelodiscus,sinensis,0,0,0,1,0,30.2741,120.1551,2,1,NA,NA,NA,3,30,150_Duration of incubation_sinensis_120.1551,150_Duration of incubation,150_Duration of incubation_sinensis_120.1551_NA_NA,TRUE,150_Duration of incubation_sinensis_120.1551
150,NA,0,11,NA,32,32,32,0,NA,NA,NA,NA,NA,Duration of incubation,number of days from laying to hatching,days,42,60,SE,0.2,0,1,NA,NA,Pelodiscus,sinensis,0,0,0,1,0,30.2741,120.1551,2,1,NA,NA,NA,3,32,150_Duration of incubation_sinensis_120.1551,150_Duration of incubation,150_Duration of incubation_sinensis_120.1551_NA_NA,TRUE,150_Duration of incubation_sinensis_120.1551
150,NA,0,11,NA,33,33,33,0,NA,NA,NA,NA,NA,Duration of incubation,number of days from laying to hatching,days,40.4,38,SE,0.2,0,1,NA,NA,Pelodiscus,sinensis,0,0,0,1,0,30.2741,120.1551,2,1,NA,NA,NA,3,33,150_Duration of incubation_sinensis_120.1551,150_Duration of incubation,150_Duration of incubation_sinensis_120.1551_NA_NA,TRUE,150_Duration of incubation_sinensis_120.1551
150,NA,0,11,NA,34,34,34,0,NA,NA,NA,NA,NA,Duration of incubation,number of days from laying to hatching,days,39.4,19,SE,0.3,0,1,NA,NA,Pelodiscus,sinensis,0,0,0,1,0,30.2741,120.1551,2,1,NA,NA,NA,3,34,150_Duration of incubation_sinensis_120.1551,150_Duration of incubation,150_Duration of incubation_sinensis_120.1551_NA_NA,TRUE,150_Duration of incubation_sinensis_120.1551
159,21,0,20,NA,12,NA,NA,NA,NA,NA,NA,NA,NA,thorax length,thorax length,mm,1.04,50,2,0.01,1,0,Diptera,Drosophilidae,drosophila,melanogaster,0,1,1,1,0,37.88472,-4.77913,0,NA,F,"see notes file for calculated equivalent developmental temperatures for fluctuating regimes, expt design details and variance specifics.",NA,3,12,159_thorax length_melanogaster_-4.77913_F,159_thorax length,"159_thorax length_melanogaster_-4.77913_F_see notes file for calculated equivalent developmental temperatures for fluctuating regimes, expt design details and variance specifics.",TRUE,159_thorax length_melanogaster_-4.77913_F
159,21,0,20,NA,14,NA,NA,NA,NA,NA,NA,NA,NA,thorax length,thorax length,mm,1.1,50,2,0.015,1,0,Diptera,Drosophilidae,drosophila,melanogaster,0,1,1,1,0,37.88472,-4.77913,0,NA,F,NA,NA,3,14,159_thorax length_melanogaster_-4.77913_F,159_thorax length,159_thorax length_melanogaster_-4.77913_F_NA,TRUE,159_thorax length_melanogaster_-4.77913_F
159,21,0,20,NA,16,NA,NA,NA,NA,NA,NA,NA,NA,thorax length,thorax length,mm,1.14,50,2,0.01,1,0,Diptera,Drosophilidae,drosophila,melanogaster,0,1,1,1,0,37.88472,-4.77913,0,NA,F,NA,NA,3,16,159_thorax length_melanogaster_-4.77913_F,159_thorax length,159_thorax length_melanogaster_-4.77913_F_NA,TRUE,159_thorax length_melanogaster_-4.77913_F
159,21,0,20,NA,18,NA,NA,NA,NA,NA,NA,NA,NA,thorax length,thorax length,mm,1.13,50,2,0.005,1,0,Diptera,Drosophilidae,drosophila,melanogaster,0,1,1,1,0,37.88472,-4.77913,0,NA,F,NA,NA,3,18,159_thorax length_melanogaster_-4.77913_F,159_thorax length,159_thorax length_melanogaster_-4.77913_F_NA,TRUE,159_thorax length_melanogaster_-4.77913_F
159,21,0,20,NA,21,NA,NA,NA,NA,NA,NA,NA,NA,thorax length,thorax length,mm,1.11,50,2,0.005,1,0,Diptera,Drosophilidae,drosophila,melanogaster,0,1,1,1,0,37.88472,-4.77913,0,NA,F,NA,NA,3,21,159_thorax length_melanogaster_-4.77913_F,159_thorax length,159_thorax length_melanogaster_-4.77913_F_NA,TRUE,159_thorax length_melanogaster_-4.77913_F
159,21,0,20,NA,26,NA,NA,NA,NA,NA,NA,NA,NA,thorax length,thorax length,mm,1.06,50,2,0.01,1,0,Diptera,Drosophilidae,drosophila,melanogaster,0,1,1,1,0,37.88472,-4.77913,0,NA,F,NA,NA,3,26,159_thorax length_melanogaster_-4.77913_F,159_thorax length,159_thorax length_melanogaster_-4.77913_F_NA,TRUE,159_thorax length_melanogaster_-4.77913_F
159,21,0,20,NA,28,NA,NA,NA,NA,NA,NA,NA,NA,thorax length,thorax length,mm,1.05,50,2,0.01,1,0,Diptera,Drosophilidae,drosophila,melanogaster,0,1,1,1,0,37.88472,-4.77913,0,NA,F,NA,NA,3,28,159_thorax length_melanogaster_-4.77913_F,159_thorax length,159_thorax length_melanogaster_-4.77913_F_NA,TRUE,159_thorax length_melanogaster_-4.77913_F
159,21,0,20,NA,30,NA,NA,NA,NA,NA,NA,NA,NA,thorax length,thorax length,mm,1.04,50,2,0.01,1,0,Diptera,Drosophilidae,drosophila,melanogaster,0,1,1,1,0,37.88472,-4.77913,0,NA,F,NA,NA,3,30,159_thorax length_melanogaster_-4.77913_F,159_thorax length,159_thorax length_melanogaster_-4.77913_F_NA,TRUE,159_thorax length_melanogaster_-4.77913_F
159,21,0,20,NA,32,NA,NA,NA,NA,NA,NA,NA,NA,thorax length,thorax length,mm,1.02,50,NA,0.005,1,0,Diptera,Drosophilidae,drosophila,melanogaster,0,1,1,1,0,37.88472,-4.77913,0,NA,F,NA,NA,3,32,159_thorax length_melanogaster_-4.77913_F,159_thorax length,159_thorax length_melanogaster_-4.77913_F_NA,TRUE,159_thorax length_melanogaster_-4.77913_F
159,21,0,20,NA,12,NA,NA,NA,NA,NA,NA,NA,NA,thorax length,thorax length,mm,1.07,50,2,0.01,1,0,Diptera,Drosophilidae,drosophila,melanogaster,0,1,1,1,0,44.834999,-0.57549,0,NA,F,NA,NA,3,12,159_thorax length_melanogaster_-0.57549_F,159_thorax length,159_thorax length_melanogaster_-0.57549_F_NA,TRUE,159_thorax length_melanogaster_-0.57549_F
159,21,0,20,NA,14,NA,NA,NA,NA,NA,NA,NA,NA,thorax length,thorax length,mm,1.13,50,2,0.01,1,0,Diptera,Drosophilidae,drosophila,melanogaster,0,1,1,1,0,44.834999,-0.57549,0,NA,F,NA,NA,3,14,159_thorax length_melanogaster_-0.57549_F,159_thorax length,159_thorax length_melanogaster_-0.57549_F_NA,TRUE,159_thorax length_melanogaster_-0.57549_F
159,21,0,20,NA,16,NA,NA,NA,NA,NA,NA,NA,NA,thorax length,thorax length,mm,1.15,50,2,0.01,1,0,Diptera,Drosophilidae,drosophila,melanogaster,0,1,1,1,0,44.834999,-0.57549,0,NA,F,NA,NA,3,16,159_thorax length_melanogaster_-0.57549_F,159_thorax length,159_thorax length_melanogaster_-0.57549_F_NA,TRUE,159_thorax length_melanogaster_-0.57549_F
159,21,0,20,NA,18,NA,NA,NA,NA,NA,NA,NA,NA,thorax length,thorax length,mm,1.15,50,2,0.01,1,0,Diptera,Drosophilidae,drosophila,melanogaster,0,1,1,1,0,44.834999,-0.57549,0,NA,F,NA,NA,3,18,159_thorax length_melanogaster_-0.57549_F,159_thorax length,159_thorax length_melanogaster_-0.57549_F_NA,TRUE,159_thorax length_melanogaster_-0.57549_F
159,21,0,20,NA,21,NA,NA,NA,NA,NA,NA,NA,NA,thorax length,thorax length,mm,1.14,50,2,0.005,1,0,Diptera,Drosophilidae,drosophila,melanogaster,0,1,1,1,0,44.834999,-0.57549,0,NA,F,NA,NA,3,21,159_thorax length_melanogaster_-0.57549_F,159_thorax length,159_thorax length_melanogaster_-0.57549_F_NA,TRUE,159_thorax length_melanogaster_-0.57549_F
159,21,0,20,NA,26,NA,NA,NA,NA,NA,NA,NA,NA,thorax length,thorax length,mm,1.07,50,2,0.01,1,0,Diptera,Drosophilidae,drosophila,melanogaster,0,1,1,1,0,44.834999,-0.57549,0,NA,F,NA,NA,3,26,159_thorax length_melanogaster_-0.57549_F,159_thorax length,159_thorax length_melanogaster_-0.57549_F_NA,TRUE,159_thorax length_melanogaster_-0.57549_F
159,21,0,20,NA,28,NA,NA,NA,NA,NA,NA,NA,NA,thorax length,thorax length,mm,1.05,50,2,0.01,1,0,Diptera,Drosophilidae,drosophila,melanogaster,0,1,1,1,0,44.834999,-0.57549,0,NA,F,NA,NA,3,28,159_thorax length_melanogaster_-0.57549_F,159_thorax length,159_thorax length_melanogaster_-0.57549_F_NA,TRUE,159_thorax length_melanogaster_-0.57549_F
159,21,0,20,NA,30,NA,NA,NA,NA,NA,NA,NA,NA,thorax length,thorax length,mm,1.03,50,2,0.005,1,0,Diptera,Drosophilidae,drosophila,melanogaster,0,1,1,1,0,44.834999,-0.57549,0,NA,F,NA,NA,3,30,159_thorax length_melanogaster_-0.57549_F,159_thorax length,159_thorax length_melanogaster_-0.57549_F_NA,TRUE,159_thorax length_melanogaster_-0.57549_F
159,21,0,20,NA,32,NA,NA,NA,NA,NA,NA,NA,NA,thorax length,thorax length,mm,1.01,50,2,0.01,1,0,Diptera,Drosophilidae,drosophila,melanogaster,0,1,1,1,0,44.834999,-0.57549,0,NA,F,NA,NA,3,32,159_thorax length_melanogaster_-0.57549_F,159_thorax length,159_thorax length_melanogaster_-0.57549_F_NA,TRUE,159_thorax length_melanogaster_-0.57549_F
159,21,0,20,NA,12,NA,NA,NA,NA,NA,NA,NA,NA,thorax length,thorax length,mm,0.94,50,2,0.005,1,0,Diptera,Drosophilidae,drosophila,melanogaster,0,1,1,1,0,37.88472,-4.77913,0,NA,M,NA,NA,3,12,159_thorax length_melanogaster_-4.77913_M,159_thorax length,159_thorax length_melanogaster_-4.77913_M_NA,TRUE,159_thorax length_melanogaster_-4.77913_M
159,21,0,20,NA,14,NA,NA,NA,NA,NA,NA,NA,NA,thorax length,thorax length,mm,0.98,50,2,0.01,1,0,Diptera,Drosophilidae,drosophila,melanogaster,0,1,1,1,0,37.88472,-4.77913,0,NA,M,NA,NA,3,14,159_thorax length_melanogaster_-4.77913_M,159_thorax length,159_thorax length_melanogaster_-4.77913_M_NA,TRUE,159_thorax length_melanogaster_-4.77913_M
159,21,0,20,NA,16,NA,NA,NA,NA,NA,NA,NA,NA,thorax length,thorax length,mm,1.02,50,2,0.01,1,0,Diptera,Drosophilidae,drosophila,melanogaster,0,1,1,1,0,37.88472,-4.77913,0,NA,M,NA,NA,3,16,159_thorax length_melanogaster_-4.77913_M,159_thorax length,159_thorax length_melanogaster_-4.77913_M_NA,TRUE,159_thorax length_melanogaster_-4.77913_M
159,21,0,20,NA,18,NA,NA,NA,NA,NA,NA,NA,NA,thorax length,thorax length,mm,1.02,50,2,0.01,1,0,Diptera,Drosophilidae,drosophila,melanogaster,0,1,1,1,0,37.88472,-4.77913,0,NA,M,NA,NA,3,18,159_thorax length_melanogaster_-4.77913_M,159_thorax length,159_thorax length_melanogaster_-4.77913_M_NA,TRUE,159_thorax length_melanogaster_-4.77913_M
159,21,0,20,NA,21,NA,NA,NA,NA,NA,NA,NA,NA,thorax length,thorax length,mm,0.99,50,2,0.01,1,0,Diptera,Drosophilidae,drosophila,melanogaster,0,1,1,1,0,37.88472,-4.77913,0,NA,M,NA,NA,3,21,159_thorax length_melanogaster_-4.77913_M,159_thorax length,159_thorax length_melanogaster_-4.77913_M_NA,TRUE,159_thorax length_melanogaster_-4.77913_M
159,21,0,20,NA,26,NA,NA,NA,NA,NA,NA,NA,NA,thorax length,thorax length,mm,0.94,50,2,0.005,1,0,Diptera,Drosophilidae,drosophila,melanogaster,0,1,1,1,0,37.88472,-4.77913,0,NA,M,NA,NA,3,26,159_thorax length_melanogaster_-4.77913_M,159_thorax length,159_thorax length_melanogaster_-4.77913_M_NA,TRUE,159_thorax length_melanogaster_-4.77913_M
159,21,0,20,NA,28,NA,NA,NA,NA,NA,NA,NA,NA,thorax length,thorax length,mm,0.92,50,2,0.005,1,0,Diptera,Drosophilidae,drosophila,melanogaster,0,1,1,1,0,37.88472,-4.77913,0,NA,M,NA,NA,3,28,159_thorax length_melanogaster_-4.77913_M,159_thorax length,159_thorax length_melanogaster_-4.77913_M_NA,TRUE,159_thorax length_melanogaster_-4.77913_M
159,21,0,20,NA,30,NA,NA,NA,NA,NA,NA,NA,NA,thorax length,thorax length,mm,0.89,50,2,0.01,1,0,Diptera,Drosophilidae,drosophila,melanogaster,0,1,1,1,0,37.88472,-4.77913,0,NA,M,NA,NA,3,30,159_thorax length_melanogaster_-4.77913_M,159_thorax length,159_thorax length_melanogaster_-4.77913_M_NA,TRUE,159_thorax length_melanogaster_-4.77913_M
159,21,0,20,NA,32,NA,NA,NA,NA,NA,NA,NA,NA,thorax length,thorax length,NA,0.88,50,2,0.01,1,0,Diptera,Drosophilidae,drosophila,melanogaster,0,1,1,1,0,37.88472,-4.77913,0,NA,M,NA,NA,3,32,159_thorax length_melanogaster_-4.77913_M,159_thorax length,159_thorax length_melanogaster_-4.77913_M_NA,TRUE,159_thorax length_melanogaster_-4.77913_M
159,21,0,20,NA,12,NA,NA,NA,NA,NA,NA,NA,NA,thorax length,thorax length,mm,0.95,50,2,0.01,1,0,Diptera,Drosophilidae,drosophila,melanogaster,0,1,1,1,0,44.834999,-0.57549,0,NA,M,NA,NA,3,12,159_thorax length_melanogaster_-0.57549_M,159_thorax length,159_thorax length_melanogaster_-0.57549_M_NA,TRUE,159_thorax length_melanogaster_-0.57549_M
159,21,0,20,NA,14,NA,NA,NA,NA,NA,NA,NA,NA,thorax length,thorax length,mm,1,50,2,0.01,1,0,Diptera,Drosophilidae,drosophila,melanogaster,0,1,1,1,0,44.834999,-0.57549,0,NA,M,NA,NA,3,14,159_thorax length_melanogaster_-0.57549_M,159_thorax length,159_thorax length_melanogaster_-0.57549_M_NA,TRUE,159_thorax length_melanogaster_-0.57549_M
159,21,0,20,NA,16,NA,NA,NA,NA,NA,NA,NA,NA,thorax length,thorax length,mm,1.03,50,2,0.01,1,0,Diptera,Drosophilidae,drosophila,melanogaster,0,1,1,1,0,44.834999,-0.57549,0,NA,M,NA,NA,3,16,159_thorax length_melanogaster_-0.57549_M,159_thorax length,159_thorax length_melanogaster_-0.57549_M_NA,TRUE,159_thorax length_melanogaster_-0.57549_M
159,21,0,20,NA,18,NA,NA,NA,NA,NA,NA,NA,NA,thorax length,thorax length,mm,1.03,50,2,0.01,1,0,Diptera,Drosophilidae,drosophila,melanogaster,0,1,1,1,0,44.834999,-0.57549,0,NA,M,NA,NA,3,18,159_thorax length_melanogaster_-0.57549_M,159_thorax length,159_thorax length_melanogaster_-0.57549_M_NA,TRUE,159_thorax length_melanogaster_-0.57549_M
159,21,0,20,NA,21,NA,NA,NA,NA,NA,NA,NA,NA,thorax length,thorax length,mm,1,50,2,0.005,1,0,Diptera,Drosophilidae,drosophila,melanogaster,0,1,1,1,0,44.834999,-0.57549,0,NA,M,NA,NA,3,21,159_thorax length_melanogaster_-0.57549_M,159_thorax length,159_thorax length_melanogaster_-0.57549_M_NA,TRUE,159_thorax length_melanogaster_-0.57549_M
159,21,0,20,NA,26,NA,NA,NA,NA,NA,NA,NA,NA,thorax length,thorax length,mm,0.94,50,2,0.01,1,0,Diptera,Drosophilidae,drosophila,melanogaster,0,1,1,1,0,44.834999,-0.57549,0,NA,M,NA,NA,3,26,159_thorax length_melanogaster_-0.57549_M,159_thorax length,159_thorax length_melanogaster_-0.57549_M_NA,TRUE,159_thorax length_melanogaster_-0.57549_M
159,21,0,20,NA,28,NA,NA,NA,NA,NA,NA,NA,NA,thorax length,thorax length,mm,0.92,50,2,0.01,1,0,Diptera,Drosophilidae,drosophila,melanogaster,0,1,1,1,0,44.834999,-0.57549,0,NA,M,NA,NA,3,28,159_thorax length_melanogaster_-0.57549_M,159_thorax length,159_thorax length_melanogaster_-0.57549_M_NA,TRUE,159_thorax length_melanogaster_-0.57549_M
159,21,0,20,NA,30,NA,NA,NA,NA,NA,NA,NA,NA,thorax length,thorax length,mm,0.89,50,2,0.005,1,0,Diptera,Drosophilidae,drosophila,melanogaster,0,1,1,1,0,44.834999,-0.57549,0,NA,M,NA,NA,3,30,159_thorax length_melanogaster_-0.57549_M,159_thorax length,159_thorax length_melanogaster_-0.57549_M_NA,TRUE,159_thorax length_melanogaster_-0.57549_M
159,21,0,20,NA,32,NA,NA,NA,NA,NA,NA,NA,NA,thorax length,thorax length,mm,0.86,50,2,0.01,1,0,Diptera,Drosophilidae,drosophila,melanogaster,0,1,1,1,0,44.834999,-0.57549,0,NA,M,NA,NA,3,32,159_thorax length_melanogaster_-0.57549_M,159_thorax length,159_thorax length_melanogaster_-0.57549_M_NA,TRUE,159_thorax length_melanogaster_-0.57549_M
159,21,0,18,NA,12,NA,NA,NA,NA,NA,NA,NA,NA,thorax length,thorax length,mm,1.04,50,2,0.01,1,0,Diptera,Drosophilidae,drosophila,simulans,0,1,1,1,0,37.88472,-4.77913,0,NA,F,NA,NA,3,12,159_thorax length_simulans_-4.77913_F,159_thorax length,159_thorax length_simulans_-4.77913_F_NA,TRUE,159_thorax length_simulans_-4.77913_F
159,21,0,18,NA,14,NA,NA,NA,NA,NA,NA,NA,NA,thorax length,thorax length,mm,1.09,50,2,0.01,1,0,Diptera,Drosophilidae,drosophila,simulans,0,1,1,1,0,37.88472,-4.77913,0,NA,F,NA,NA,3,14,159_thorax length_simulans_-4.77913_F,159_thorax length,159_thorax length_simulans_-4.77913_F_NA,TRUE,159_thorax length_simulans_-4.77913_F
159,21,0,18,NA,16,NA,NA,NA,NA,NA,NA,NA,NA,thorax length,thorax length,mm,1.11,50,2,0.01,1,0,Diptera,Drosophilidae,drosophila,simulans,0,1,1,1,0,37.88472,-4.77913,0,NA,F,NA,NA,3,16,159_thorax length_simulans_-4.77913_F,159_thorax length,159_thorax length_simulans_-4.77913_F_NA,TRUE,159_thorax length_simulans_-4.77913_F
159,21,0,18,NA,18,NA,NA,NA,NA,NA,NA,NA,NA,thorax length,thorax length,mm,1.1,50,2,0.01,1,0,Diptera,Drosophilidae,drosophila,simulans,0,1,1,1,0,37.88472,-4.77913,0,NA,F,NA,NA,3,18,159_thorax length_simulans_-4.77913_F,159_thorax length,159_thorax length_simulans_-4.77913_F_NA,TRUE,159_thorax length_simulans_-4.77913_F
159,21,0,18,NA,21,NA,NA,NA,NA,NA,NA,NA,NA,thorax length,thorax length,mm,1.07,50,2,0.01,1,0,Diptera,Drosophilidae,drosophila,simulans,0,1,1,1,0,37.88472,-4.77913,0,NA,F,NA,NA,3,21,159_thorax length_simulans_-4.77913_F,159_thorax length,159_thorax length_simulans_-4.77913_F_NA,TRUE,159_thorax length_simulans_-4.77913_F
159,21,0,18,NA,26,NA,NA,NA,NA,NA,NA,NA,NA,thorax length,thorax length,mm,1.02,50,2,0.01,1,0,Diptera,Drosophilidae,drosophila,simulans,0,1,1,1,0,37.88472,-4.77913,0,NA,F,NA,NA,3,26,159_thorax length_simulans_-4.77913_F,159_thorax length,159_thorax length_simulans_-4.77913_F_NA,TRUE,159_thorax length_simulans_-4.77913_F
159,21,0,18,NA,28,NA,NA,NA,NA,NA,NA,NA,NA,thorax length,thorax length,mm,0.99,50,2,0.01,1,0,Diptera,Drosophilidae,drosophila,simulans,0,1,1,1,0,37.88472,-4.77913,0,NA,F,NA,NA,3,28,159_thorax length_simulans_-4.77913_F,159_thorax length,159_thorax length_simulans_-4.77913_F_NA,TRUE,159_thorax length_simulans_-4.77913_F
159,21,0,18,NA,30,NA,NA,NA,NA,NA,NA,NA,NA,thorax length,thorax length,mm,0.96,50,2,0.015,1,0,Diptera,Drosophilidae,drosophila,simulans,0,1,1,1,0,37.88472,-4.77913,0,NA,F,NA,NA,3,30,159_thorax length_simulans_-4.77913_F,159_thorax length,159_thorax length_simulans_-4.77913_F_NA,TRUE,159_thorax length_simulans_-4.77913_F
159,21,0,18,NA,12,NA,NA,NA,NA,NA,NA,NA,NA,thorax length,thorax length,mm,1.07,50,2,0.01,1,0,Diptera,Drosophilidae,drosophila,simulans,0,1,1,1,0,44.834999,-0.57549,0,NA,F,NA,NA,3,12,159_thorax length_simulans_-0.57549_F,159_thorax length,159_thorax length_simulans_-0.57549_F_NA,TRUE,159_thorax length_simulans_-0.57549_F
159,21,0,18,NA,14,NA,NA,NA,NA,NA,NA,NA,NA,thorax length,thorax length,mm,1.12,50,2,0.015,1,0,Diptera,Drosophilidae,drosophila,simulans,0,1,1,1,0,44.834999,-0.57549,0,NA,F,NA,NA,3,14,159_thorax length_simulans_-0.57549_F,159_thorax length,159_thorax length_simulans_-0.57549_F_NA,TRUE,159_thorax length_simulans_-0.57549_F
159,21,0,18,NA,16,NA,NA,NA,NA,NA,NA,NA,NA,thorax length,thorax length,mm,1.13,50,2,0.01,1,0,Diptera,Drosophilidae,drosophila,simulans,0,1,1,1,0,44.834999,-0.57549,0,NA,F,NA,NA,3,16,159_thorax length_simulans_-0.57549_F,159_thorax length,159_thorax length_simulans_-0.57549_F_NA,TRUE,159_thorax length_simulans_-0.57549_F
159,21,0,18,NA,18,NA,NA,NA,NA,NA,NA,NA,NA,thorax length,thorax length,mm,1.12,50,2,0.01,1,0,Diptera,Drosophilidae,drosophila,simulans,0,1,1,1,0,44.834999,-0.57549,0,NA,F,NA,NA,3,18,159_thorax length_simulans_-0.57549_F,159_thorax length,159_thorax length_simulans_-0.57549_F_NA,TRUE,159_thorax length_simulans_-0.57549_F
159,21,0,18,NA,21,NA,NA,NA,NA,NA,NA,NA,NA,thorax length,thorax length,mm,1.1,50,2,0.01,1,0,Diptera,Drosophilidae,drosophila,simulans,0,1,1,1,0,44.834999,-0.57549,0,NA,F,NA,NA,3,21,159_thorax length_simulans_-0.57549_F,159_thorax length,159_thorax length_simulans_-0.57549_F_NA,TRUE,159_thorax length_simulans_-0.57549_F
159,21,0,18,NA,26,NA,NA,NA,NA,NA,NA,NA,NA,thorax length,thorax length,mm,1.03,50,2,0.01,1,0,Diptera,Drosophilidae,drosophila,simulans,0,1,1,1,0,44.834999,-0.57549,0,NA,F,NA,NA,3,26,159_thorax length_simulans_-0.57549_F,159_thorax length,159_thorax length_simulans_-0.57549_F_NA,TRUE,159_thorax length_simulans_-0.57549_F
159,21,0,18,NA,28,NA,NA,NA,NA,NA,NA,NA,NA,thorax length,thorax length,mm,1,50,2,0.01,1,0,Diptera,Drosophilidae,drosophila,simulans,0,1,1,1,0,44.834999,-0.57549,0,NA,F,NA,NA,3,28,159_thorax length_simulans_-0.57549_F,159_thorax length,159_thorax length_simulans_-0.57549_F_NA,TRUE,159_thorax length_simulans_-0.57549_F
159,21,0,18,NA,30,NA,NA,NA,NA,NA,NA,NA,NA,thorax length,thorax length,mm,0.95,50,2,0.01,1,0,Diptera,Drosophilidae,drosophila,simulans,0,1,1,1,0,44.834999,-0.57549,0,NA,F,NA,NA,3,30,159_thorax length_simulans_-0.57549_F,159_thorax length,159_thorax length_simulans_-0.57549_F_NA,TRUE,159_thorax length_simulans_-0.57549_F
159,21,0,18,NA,12,NA,NA,NA,NA,NA,NA,NA,NA,thorax length,thorax length,mm,0.96,50,2,0.01,1,0,Diptera,Drosophilidae,drosophila,simulans,0,1,1,1,0,37.88472,-4.77913,0,NA,M,NA,NA,3,12,159_thorax length_simulans_-4.77913_M,159_thorax length,159_thorax length_simulans_-4.77913_M_NA,TRUE,159_thorax length_simulans_-4.77913_M
159,21,0,18,NA,14,NA,NA,NA,NA,NA,NA,NA,NA,thorax length,thorax length,mm,0.99,50,2,0.01,1,0,Diptera,Drosophilidae,drosophila,simulans,0,1,1,1,0,37.88472,-4.77913,0,NA,M,NA,NA,3,14,159_thorax length_simulans_-4.77913_M,159_thorax length,159_thorax length_simulans_-4.77913_M_NA,TRUE,159_thorax length_simulans_-4.77913_M
159,21,0,18,NA,16,NA,NA,NA,NA,NA,NA,NA,NA,thorax length,thorax length,mm,1.01,50,2,0.01,1,0,Diptera,Drosophilidae,drosophila,simulans,0,1,1,1,0,37.88472,-4.77913,0,NA,M,NA,NA,3,16,159_thorax length_simulans_-4.77913_M,159_thorax length,159_thorax length_simulans_-4.77913_M_NA,TRUE,159_thorax length_simulans_-4.77913_M
159,21,0,18,NA,18,NA,NA,NA,NA,NA,NA,NA,NA,thorax length,thorax length,mm,1.01,50,2,0.01,1,0,Diptera,Drosophilidae,drosophila,simulans,0,1,1,1,0,37.88472,-4.77913,0,NA,M,NA,NA,3,18,159_thorax length_simulans_-4.77913_M,159_thorax length,159_thorax length_simulans_-4.77913_M_NA,TRUE,159_thorax length_simulans_-4.77913_M
159,21,0,18,NA,21,NA,NA,NA,NA,NA,NA,NA,NA,thorax length,thorax length,mm,0.97,50,2,0.005,1,0,Diptera,Drosophilidae,drosophila,simulans,0,1,1,1,0,37.88472,-4.77913,0,NA,M,NA,NA,3,21,159_thorax length_simulans_-4.77913_M,159_thorax length,159_thorax length_simulans_-4.77913_M_NA,TRUE,159_thorax length_simulans_-4.77913_M
159,21,0,18,NA,26,NA,NA,NA,NA,NA,NA,NA,NA,thorax length,thorax length,mm,0.91,50,2,0.005,1,0,Diptera,Drosophilidae,drosophila,simulans,0,1,1,1,0,37.88472,-4.77913,0,NA,M,NA,NA,3,26,159_thorax length_simulans_-4.77913_M,159_thorax length,159_thorax length_simulans_-4.77913_M_NA,TRUE,159_thorax length_simulans_-4.77913_M
159,21,0,18,NA,28,NA,NA,NA,NA,NA,NA,NA,NA,thorax length,thorax length,mm,0.88,50,2,0.01,1,0,Diptera,Drosophilidae,drosophila,simulans,0,1,1,1,0,37.88472,-4.77913,0,NA,M,NA,NA,3,28,159_thorax length_simulans_-4.77913_M,159_thorax length,159_thorax length_simulans_-4.77913_M_NA,TRUE,159_thorax length_simulans_-4.77913_M
159,21,0,18,NA,30,NA,NA,NA,NA,NA,NA,NA,NA,thorax length,thorax length,mm,0.86,50,2,0.01,1,0,Diptera,Drosophilidae,drosophila,simulans,0,1,1,1,0,37.88472,-4.77913,0,NA,M,NA,NA,3,30,159_thorax length_simulans_-4.77913_M,159_thorax length,159_thorax length_simulans_-4.77913_M_NA,TRUE,159_thorax length_simulans_-4.77913_M
159,21,0,18,NA,12,NA,NA,NA,NA,NA,NA,NA,NA,thorax length,thorax length,mm,0.97,50,2,0.01,1,0,Diptera,Drosophilidae,drosophila,simulans,0,1,1,1,0,44.834999,-0.57549,0,NA,M,NA,NA,3,12,159_thorax length_simulans_-0.57549_M,159_thorax length,159_thorax length_simulans_-0.57549_M_NA,TRUE,159_thorax length_simulans_-0.57549_M
159,21,0,18,NA,14,NA,NA,NA,NA,NA,NA,NA,NA,thorax length,thorax length,mm,1.03,50,2,0.01,1,0,Diptera,Drosophilidae,drosophila,simulans,0,1,1,1,0,44.834999,-0.57549,0,NA,M,NA,NA,3,14,159_thorax length_simulans_-0.57549_M,159_thorax length,159_thorax length_simulans_-0.57549_M_NA,TRUE,159_thorax length_simulans_-0.57549_M
159,21,0,18,NA,16,NA,NA,NA,NA,NA,NA,NA,NA,thorax length,thorax length,mm,1.04,50,2,0.01,1,0,Diptera,Drosophilidae,drosophila,simulans,0,1,1,1,0,44.834999,-0.57549,0,NA,M,NA,NA,3,16,159_thorax length_simulans_-0.57549_M,159_thorax length,159_thorax length_simulans_-0.57549_M_NA,TRUE,159_thorax length_simulans_-0.57549_M
159,21,0,18,NA,18,NA,NA,NA,NA,NA,NA,NA,NA,thorax length,thorax length,mm,1.02,50,2,0.01,1,0,Diptera,Drosophilidae,drosophila,simulans,0,1,1,1,0,44.834999,-0.57549,0,NA,M,NA,NA,3,18,159_thorax length_simulans_-0.57549_M,159_thorax length,159_thorax length_simulans_-0.57549_M_NA,TRUE,159_thorax length_simulans_-0.57549_M
159,21,0,18,NA,21,NA,NA,NA,NA,NA,NA,NA,NA,thorax length,thorax length,mm,0.98,50,2,0.01,1,0,Diptera,Drosophilidae,drosophila,simulans,0,1,1,1,0,44.834999,-0.57549,0,NA,M,NA,NA,3,21,159_thorax length_simulans_-0.57549_M,159_thorax length,159_thorax length_simulans_-0.57549_M_NA,TRUE,159_thorax length_simulans_-0.57549_M
159,21,0,18,NA,26,NA,NA,NA,NA,NA,NA,NA,NA,thorax length,thorax length,mm,0.91,50,2,0.01,1,0,Diptera,Drosophilidae,drosophila,simulans,0,1,1,1,0,44.834999,-0.57549,0,NA,M,NA,NA,3,26,159_thorax length_simulans_-0.57549_M,159_thorax length,159_thorax length_simulans_-0.57549_M_NA,TRUE,159_thorax length_simulans_-0.57549_M
159,21,0,18,NA,28,NA,NA,NA,NA,NA,NA,NA,NA,thorax length,thorax length,mm,0.89,50,2,0.01,1,0,Diptera,Drosophilidae,drosophila,simulans,0,1,1,1,0,44.834999,-0.57549,0,NA,M,NA,NA,3,28,159_thorax length_simulans_-0.57549_M,159_thorax length,159_thorax length_simulans_-0.57549_M_NA,TRUE,159_thorax length_simulans_-0.57549_M
159,21,0,18,NA,30,NA,NA,NA,NA,NA,NA,NA,NA,thorax length,thorax length,mm,0.85,50,2,0.01,1,0,Diptera,Drosophilidae,drosophila,simulans,0,1,1,1,0,44.834999,-0.57549,0,NA,M,NA,NA,3,30,159_thorax length_simulans_-0.57549_M,159_thorax length,159_thorax length_simulans_-0.57549_M_NA,TRUE,159_thorax length_simulans_-0.57549_M
159,21,0,20,NA,12,NA,NA,NA,NA,NA,NA,NA,NA,winglength,left wing,mm,2.84,50,2,0.035,1,0,Diptera,Drosophilidae,drosophila,melanogaster,0,1,1,1,0,37.88472,-4.77913,0,NA,F,NA,NA,3,12,159_winglength_melanogaster_-4.77913_F,159_winglength,159_winglength_melanogaster_-4.77913_F_NA,TRUE,159_winglength_melanogaster_-4.77913_F
159,21,0,20,NA,14,NA,NA,NA,NA,NA,NA,NA,NA,winglength,left wing,mm,2.99,50,2,0.03,1,0,Diptera,Drosophilidae,drosophila,melanogaster,0,1,1,1,0,37.88472,-4.77913,0,NA,F,NA,NA,3,14,159_winglength_melanogaster_-4.77913_F,159_winglength,159_winglength_melanogaster_-4.77913_F_NA,TRUE,159_winglength_melanogaster_-4.77913_F
159,21,0,20,NA,16,NA,NA,NA,NA,NA,NA,NA,NA,winglength,left wing,mm,3.01,50,2,0.025,1,0,Diptera,Drosophilidae,drosophila,melanogaster,0,1,1,1,0,37.88472,-4.77913,0,NA,F,NA,NA,3,16,159_winglength_melanogaster_-4.77913_F,159_winglength,159_winglength_melanogaster_-4.77913_F_NA,TRUE,159_winglength_melanogaster_-4.77913_F
159,21,0,20,NA,18,NA,NA,NA,NA,NA,NA,NA,NA,winglength,left wing,mm,2.98,50,2,0.02,1,0,Diptera,Drosophilidae,drosophila,melanogaster,0,1,1,1,0,37.88472,-4.77913,0,NA,F,NA,NA,3,18,159_winglength_melanogaster_-4.77913_F,159_winglength,159_winglength_melanogaster_-4.77913_F_NA,TRUE,159_winglength_melanogaster_-4.77913_F
159,21,0,20,NA,21,NA,NA,NA,NA,NA,NA,NA,NA,winglength,left wing,mm,2.87,50,2,0.025,1,0,Diptera,Drosophilidae,drosophila,melanogaster,0,1,1,1,0,37.88472,-4.77913,0,NA,F,NA,NA,3,21,159_winglength_melanogaster_-4.77913_F,159_winglength,159_winglength_melanogaster_-4.77913_F_NA,TRUE,159_winglength_melanogaster_-4.77913_F
159,21,0,20,NA,26,NA,NA,NA,NA,NA,NA,NA,NA,winglength,left wing,mm,2.65,50,2,0.025,1,0,Diptera,Drosophilidae,drosophila,melanogaster,0,1,1,1,0,37.88472,-4.77913,0,NA,F,NA,NA,3,26,159_winglength_melanogaster_-4.77913_F,159_winglength,159_winglength_melanogaster_-4.77913_F_NA,TRUE,159_winglength_melanogaster_-4.77913_F
159,21,0,20,NA,28,NA,NA,NA,NA,NA,NA,NA,NA,winglength,left wing,mm,2.56,50,2,0.98,1,0,Diptera,Drosophilidae,drosophila,melanogaster,0,1,1,1,0,37.88472,-4.77913,0,NA,F,NA,NA,3,28,159_winglength_melanogaster_-4.77913_F,159_winglength,159_winglength_melanogaster_-4.77913_F_NA,TRUE,159_winglength_melanogaster_-4.77913_F
159,21,0,20,NA,30,NA,NA,NA,NA,NA,NA,NA,NA,winglength,left wing,mm,2.48,50,2,0.03,1,0,Diptera,Drosophilidae,drosophila,melanogaster,0,1,1,1,0,37.88472,-4.77913,0,NA,F,NA,NA,3,30,159_winglength_melanogaster_-4.77913_F,159_winglength,159_winglength_melanogaster_-4.77913_F_NA,TRUE,159_winglength_melanogaster_-4.77913_F
159,21,0,20,NA,32,NA,NA,NA,NA,NA,NA,NA,NA,winglength,left wing,mm,2.42,50,2,1.03,1,0,Diptera,Drosophilidae,drosophila,melanogaster,0,1,1,1,0,37.88472,-4.77913,0,NA,F,NA,NA,3,32,159_winglength_melanogaster_-4.77913_F,159_winglength,159_winglength_melanogaster_-4.77913_F_NA,TRUE,159_winglength_melanogaster_-4.77913_F
159,21,0,20,NA,12,NA,NA,NA,NA,NA,NA,NA,NA,winglength,left wing,mm,2.95,50,2,0.03,1,0,Diptera,Drosophilidae,drosophila,melanogaster,0,1,1,1,0,44.834999,-0.57549,0,NA,F,NA,NA,3,12,159_winglength_melanogaster_-0.57549_F,159_winglength,159_winglength_melanogaster_-0.57549_F_NA,TRUE,159_winglength_melanogaster_-0.57549_F
159,21,0,20,NA,14,NA,NA,NA,NA,NA,NA,NA,NA,winglength,left wing,mm,3.06,50,2,0.03,1,0,Diptera,Drosophilidae,drosophila,melanogaster,0,1,1,1,0,44.834999,-0.57549,0,NA,F,NA,NA,3,14,159_winglength_melanogaster_-0.57549_F,159_winglength,159_winglength_melanogaster_-0.57549_F_NA,TRUE,159_winglength_melanogaster_-0.57549_F
159,21,0,20,NA,16,NA,NA,NA,NA,NA,NA,NA,NA,winglength,left wing,mm,3.07,50,2,0.03,1,0,Diptera,Drosophilidae,drosophila,melanogaster,0,1,1,1,0,44.834999,-0.57549,0,NA,F,NA,NA,3,16,159_winglength_melanogaster_-0.57549_F,159_winglength,159_winglength_melanogaster_-0.57549_F_NA,TRUE,159_winglength_melanogaster_-0.57549_F
159,21,0,20,NA,18,NA,NA,NA,NA,NA,NA,NA,NA,winglength,left wing,mm,3.03,50,2,0.02,1,0,Diptera,Drosophilidae,drosophila,melanogaster,0,1,1,1,0,44.834999,-0.57549,0,NA,F,NA,NA,3,18,159_winglength_melanogaster_-0.57549_F,159_winglength,159_winglength_melanogaster_-0.57549_F_NA,TRUE,159_winglength_melanogaster_-0.57549_F
159,21,0,20,NA,21,NA,NA,NA,NA,NA,NA,NA,NA,winglength,left wing,mm,2.92,50,2,0.02,1,0,Diptera,Drosophilidae,drosophila,melanogaster,0,1,1,1,0,44.834999,-0.57549,0,NA,F,NA,NA,3,21,159_winglength_melanogaster_-0.57549_F,159_winglength,159_winglength_melanogaster_-0.57549_F_NA,TRUE,159_winglength_melanogaster_-0.57549_F
159,21,0,20,NA,26,NA,NA,NA,NA,NA,NA,NA,NA,winglength,left wing,mm,2.68,50,2,0.02,1,0,Diptera,Drosophilidae,drosophila,melanogaster,0,1,1,1,0,44.834999,-0.57549,0,NA,F,NA,NA,3,26,159_winglength_melanogaster_-0.57549_F,159_winglength,159_winglength_melanogaster_-0.57549_F_NA,TRUE,159_winglength_melanogaster_-0.57549_F
159,21,0,20,NA,28,NA,NA,NA,NA,NA,NA,NA,NA,winglength,left wing,mm,2.57,50,2,0.03,1,0,Diptera,Drosophilidae,drosophila,melanogaster,0,1,1,1,0,44.834999,-0.57549,0,NA,F,NA,NA,3,28,159_winglength_melanogaster_-0.57549_F,159_winglength,159_winglength_melanogaster_-0.57549_F_NA,TRUE,159_winglength_melanogaster_-0.57549_F
159,21,0,20,NA,30,NA,NA,NA,NA,NA,NA,NA,NA,winglength,left wing,mm,2.46,50,2,0.025,1,0,Diptera,Drosophilidae,drosophila,melanogaster,0,1,1,1,0,44.834999,-0.57549,0,NA,F,NA,NA,3,30,159_winglength_melanogaster_-0.57549_F,159_winglength,159_winglength_melanogaster_-0.57549_F_NA,TRUE,159_winglength_melanogaster_-0.57549_F
159,21,0,20,NA,32,NA,NA,NA,NA,NA,NA,NA,NA,winglength,left wing,mm,2.38,50,2,0.02,1,0,Diptera,Drosophilidae,drosophila,melanogaster,0,1,1,1,0,44.834999,-0.57549,0,NA,F,NA,NA,3,32,159_winglength_melanogaster_-0.57549_F,159_winglength,159_winglength_melanogaster_-0.57549_F_NA,TRUE,159_winglength_melanogaster_-0.57549_F
159,21,0,20,NA,12,NA,NA,NA,NA,NA,NA,NA,NA,winglength,left wing,mm,2.57,50,2,0.025,1,0,Diptera,Drosophilidae,drosophila,melanogaster,0,1,1,1,0,37.88472,-4.77913,0,NA,M,NA,NA,3,12,159_winglength_melanogaster_-4.77913_M,159_winglength,159_winglength_melanogaster_-4.77913_M_NA,TRUE,159_winglength_melanogaster_-4.77913_M
159,21,0,20,NA,14,NA,NA,NA,NA,NA,NA,NA,NA,winglength,left wing,mm,2.66,50,2,0.025,1,0,Diptera,Drosophilidae,drosophila,melanogaster,0,1,1,1,0,37.88472,-4.77913,0,NA,M,NA,NA,3,14,159_winglength_melanogaster_-4.77913_M,159_winglength,159_winglength_melanogaster_-4.77913_M_NA,TRUE,159_winglength_melanogaster_-4.77913_M
159,21,0,20,NA,16,NA,NA,NA,NA,NA,NA,NA,NA,winglength,left wing,mm,2.7,50,2,0.02,1,0,Diptera,Drosophilidae,drosophila,melanogaster,0,1,1,1,0,37.88472,-4.77913,0,NA,M,NA,NA,3,16,159_winglength_melanogaster_-4.77913_M,159_winglength,159_winglength_melanogaster_-4.77913_M_NA,TRUE,159_winglength_melanogaster_-4.77913_M
159,21,0,20,NA,18,NA,NA,NA,NA,NA,NA,NA,NA,winglength,left wing,mm,2.67,50,2,0.02,1,0,Diptera,Drosophilidae,drosophila,melanogaster,0,1,1,1,0,37.88472,-4.77913,0,NA,M,NA,NA,3,18,159_winglength_melanogaster_-4.77913_M,159_winglength,159_winglength_melanogaster_-4.77913_M_NA,TRUE,159_winglength_melanogaster_-4.77913_M
159,21,0,20,NA,21,NA,NA,NA,NA,NA,NA,NA,NA,winglength,left wing,mm,2.54,50,2,0.02,1,0,Diptera,Drosophilidae,drosophila,melanogaster,0,1,1,1,0,37.88472,-4.77913,0,NA,M,NA,NA,3,21,159_winglength_melanogaster_-4.77913_M,159_winglength,159_winglength_melanogaster_-4.77913_M_NA,TRUE,159_winglength_melanogaster_-4.77913_M
159,21,0,20,NA,26,NA,NA,NA,NA,NA,NA,NA,NA,winglength,left wing,mm,2.33,50,2,0.02,1,0,Diptera,Drosophilidae,drosophila,melanogaster,0,1,1,1,0,37.88472,-4.77913,0,NA,M,NA,NA,3,26,159_winglength_melanogaster_-4.77913_M,159_winglength,159_winglength_melanogaster_-4.77913_M_NA,TRUE,159_winglength_melanogaster_-4.77913_M
159,21,0,20,NA,28,NA,NA,NA,NA,NA,NA,NA,NA,winglength,left wing,mm,2.25,50,2,0.02,1,0,Diptera,Drosophilidae,drosophila,melanogaster,0,1,1,1,0,37.88472,-4.77913,0,NA,M,NA,NA,3,28,159_winglength_melanogaster_-4.77913_M,159_winglength,159_winglength_melanogaster_-4.77913_M_NA,TRUE,159_winglength_melanogaster_-4.77913_M
159,21,0,20,NA,30,NA,NA,NA,NA,NA,NA,NA,NA,winglength,left wing,mm,2.15,50,2,0.025,1,0,Diptera,Drosophilidae,drosophila,melanogaster,0,1,1,1,0,37.88472,-4.77913,0,NA,M,NA,NA,3,30,159_winglength_melanogaster_-4.77913_M,159_winglength,159_winglength_melanogaster_-4.77913_M_NA,TRUE,159_winglength_melanogaster_-4.77913_M
159,21,0,20,NA,32,NA,NA,NA,NA,NA,NA,NA,NA,winglength,left wing,mm,2.09,50,2,0.025,1,0,Diptera,Drosophilidae,drosophila,melanogaster,0,1,1,1,0,37.88472,-4.77913,0,NA,M,NA,NA,3,32,159_winglength_melanogaster_-4.77913_M,159_winglength,159_winglength_melanogaster_-4.77913_M_NA,TRUE,159_winglength_melanogaster_-4.77913_M
159,21,0,20,NA,12,NA,NA,NA,NA,NA,NA,NA,NA,winglength,left wing,mm,2.62,50,2,0.03,1,0,Diptera,Drosophilidae,drosophila,melanogaster,0,1,1,1,0,44.834999,-0.57549,0,NA,M,NA,NA,3,12,159_winglength_melanogaster_-0.57549_M,159_winglength,159_winglength_melanogaster_-0.57549_M_NA,TRUE,159_winglength_melanogaster_-0.57549_M
159,21,0,20,NA,14,NA,NA,NA,NA,NA,NA,NA,NA,winglength,left wing,mm,2.72,50,2,0.025,1,0,Diptera,Drosophilidae,drosophila,melanogaster,0,1,1,1,0,44.834999,-0.57549,0,NA,M,NA,NA,3,14,159_winglength_melanogaster_-0.57549_M,159_winglength,159_winglength_melanogaster_-0.57549_M_NA,TRUE,159_winglength_melanogaster_-0.57549_M
159,21,0,20,NA,16,NA,NA,NA,NA,NA,NA,NA,NA,winglength,left wing,mm,2.77,50,2,0.025,1,0,Diptera,Drosophilidae,drosophila,melanogaster,0,1,1,1,0,44.834999,-0.57549,0,NA,M,NA,NA,3,16,159_winglength_melanogaster_-0.57549_M,159_winglength,159_winglength_melanogaster_-0.57549_M_NA,TRUE,159_winglength_melanogaster_-0.57549_M
159,21,0,20,NA,18,NA,NA,NA,NA,NA,NA,NA,NA,winglength,left wing,mm,2.72,50,2,0.025,1,0,Diptera,Drosophilidae,drosophila,melanogaster,0,1,1,1,0,44.834999,-0.57549,0,NA,M,NA,NA,3,18,159_winglength_melanogaster_-0.57549_M,159_winglength,159_winglength_melanogaster_-0.57549_M_NA,TRUE,159_winglength_melanogaster_-0.57549_M
159,21,0,20,NA,21,NA,NA,NA,NA,NA,NA,NA,NA,winglength,left wing,mm,2.57,50,2,0.02,1,0,Diptera,Drosophilidae,drosophila,melanogaster,0,1,1,1,0,44.834999,-0.57549,0,NA,M,NA,NA,3,21,159_winglength_melanogaster_-0.57549_M,159_winglength,159_winglength_melanogaster_-0.57549_M_NA,TRUE,159_winglength_melanogaster_-0.57549_M
159,21,0,20,NA,26,NA,NA,NA,NA,NA,NA,NA,NA,winglength,left wing,mm,2.35,50,2,0.02,1,0,Diptera,Drosophilidae,drosophila,melanogaster,0,1,1,1,0,44.834999,-0.57549,0,NA,M,NA,NA,3,26,159_winglength_melanogaster_-0.57549_M,159_winglength,159_winglength_melanogaster_-0.57549_M_NA,TRUE,159_winglength_melanogaster_-0.57549_M
159,21,0,20,NA,28,NA,NA,NA,NA,NA,NA,NA,NA,winglength,left wing,mm,2.25,50,2,0.02,1,0,Diptera,Drosophilidae,drosophila,melanogaster,0,1,1,1,0,44.834999,-0.57549,0,NA,M,NA,NA,3,28,159_winglength_melanogaster_-0.57549_M,159_winglength,159_winglength_melanogaster_-0.57549_M_NA,TRUE,159_winglength_melanogaster_-0.57549_M
159,21,0,20,NA,30,NA,NA,NA,NA,NA,NA,NA,NA,winglength,left wing,mm,2.14,50,2,0.025,1,0,Diptera,Drosophilidae,drosophila,melanogaster,0,1,1,1,0,44.834999,-0.57549,0,NA,M,NA,NA,3,30,159_winglength_melanogaster_-0.57549_M,159_winglength,159_winglength_melanogaster_-0.57549_M_NA,TRUE,159_winglength_melanogaster_-0.57549_M
159,21,0,20,NA,32,NA,NA,NA,NA,NA,NA,NA,NA,winglength,left wing,mm,2.05,50,2,0.025,1,0,Diptera,Drosophilidae,drosophila,melanogaster,0,1,1,1,0,44.834999,-0.57549,0,NA,M,NA,NA,3,32,159_winglength_melanogaster_-0.57549_M,159_winglength,159_winglength_melanogaster_-0.57549_M_NA,TRUE,159_winglength_melanogaster_-0.57549_M
159,21,0,18,NA,12,NA,NA,NA,NA,NA,NA,NA,NA,winglength,left wing,mm,2.63,50,2,0.03,1,0,Diptera,Drosophilidae,drosophila,simulans,0,1,1,1,0,37.88472,-4.77913,0,NA,F,NA,NA,3,12,159_winglength_simulans_-4.77913_F,159_winglength,159_winglength_simulans_-4.77913_F_NA,TRUE,159_winglength_simulans_-4.77913_F
159,21,0,18,NA,14,NA,NA,NA,NA,NA,NA,NA,NA,winglength,left wing,mm,2.7,50,2,0.025,1,0,Diptera,Drosophilidae,drosophila,simulans,0,1,1,1,0,37.88472,-4.77913,0,NA,F,NA,NA,3,14,159_winglength_simulans_-4.77913_F,159_winglength,159_winglength_simulans_-4.77913_F_NA,TRUE,159_winglength_simulans_-4.77913_F
159,21,0,18,NA,16,NA,NA,NA,NA,NA,NA,NA,NA,winglength,left wing,mm,2.69,50,2,0.025,1,0,Diptera,Drosophilidae,drosophila,simulans,0,1,1,1,0,37.88472,-4.77913,0,NA,F,NA,NA,3,16,159_winglength_simulans_-4.77913_F,159_winglength,159_winglength_simulans_-4.77913_F_NA,TRUE,159_winglength_simulans_-4.77913_F
159,21,0,18,NA,18,NA,NA,NA,NA,NA,NA,NA,NA,winglength,left wing,mm,2.64,50,2,0.02,1,0,Diptera,Drosophilidae,drosophila,simulans,0,1,1,1,0,37.88472,-4.77913,0,NA,F,NA,NA,3,18,159_winglength_simulans_-4.77913_F,159_winglength,159_winglength_simulans_-4.77913_F_NA,TRUE,159_winglength_simulans_-4.77913_F
159,21,0,18,NA,21,NA,NA,NA,NA,NA,NA,NA,NA,winglength,left wing,mm,2.51,50,2,0.025,1,0,Diptera,Drosophilidae,drosophila,simulans,0,1,1,1,0,37.88472,-4.77913,0,NA,F,NA,NA,3,21,159_winglength_simulans_-4.77913_F,159_winglength,159_winglength_simulans_-4.77913_F_NA,TRUE,159_winglength_simulans_-4.77913_F
159,21,0,18,NA,26,NA,NA,NA,NA,NA,NA,NA,NA,winglength,left wing,mm,2.3,50,2,0.015,1,0,Diptera,Drosophilidae,drosophila,simulans,0,1,1,1,0,37.88472,-4.77913,0,NA,F,NA,NA,3,26,159_winglength_simulans_-4.77913_F,159_winglength,159_winglength_simulans_-4.77913_F_NA,TRUE,159_winglength_simulans_-4.77913_F
159,21,0,18,NA,28,NA,NA,NA,NA,NA,NA,NA,NA,winglength,left wing,mm,2.21,50,2,0.02,1,0,Diptera,Drosophilidae,drosophila,simulans,0,1,1,1,0,37.88472,-4.77913,0,NA,F,NA,NA,3,28,159_winglength_simulans_-4.77913_F,159_winglength,159_winglength_simulans_-4.77913_F_NA,TRUE,159_winglength_simulans_-4.77913_F
159,21,0,18,NA,30,NA,NA,NA,NA,NA,NA,NA,NA,winglength,left wing,mm,2.11,50,2,0.02,1,0,Diptera,Drosophilidae,drosophila,simulans,0,1,1,1,0,37.88472,-4.77913,0,NA,F,NA,NA,3,30,159_winglength_simulans_-4.77913_F,159_winglength,159_winglength_simulans_-4.77913_F_NA,TRUE,159_winglength_simulans_-4.77913_F
159,21,0,18,NA,12,NA,NA,NA,NA,NA,NA,NA,NA,winglength,left wing,mm,2.7,50,2,0.03,1,0,Diptera,Drosophilidae,drosophila,simulans,0,1,1,1,0,44.834999,-0.57549,0,NA,F,NA,NA,3,12,159_winglength_simulans_-0.57549_F,159_winglength,159_winglength_simulans_-0.57549_F_NA,TRUE,159_winglength_simulans_-0.57549_F
159,21,0,18,NA,14,NA,NA,NA,NA,NA,NA,NA,NA,winglength,left wing,mm,2.76,50,2,0.025,1,0,Diptera,Drosophilidae,drosophila,simulans,0,1,1,1,0,44.834999,-0.57549,0,NA,F,NA,NA,3,14,159_winglength_simulans_-0.57549_F,159_winglength,159_winglength_simulans_-0.57549_F_NA,TRUE,159_winglength_simulans_-0.57549_F
159,21,0,18,NA,16,NA,NA,NA,NA,NA,NA,NA,NA,winglength,left wing,mm,2.74,50,2,0.025,1,0,Diptera,Drosophilidae,drosophila,simulans,0,1,1,1,0,44.834999,-0.57549,0,NA,F,NA,NA,3,16,159_winglength_simulans_-0.57549_F,159_winglength,159_winglength_simulans_-0.57549_F_NA,TRUE,159_winglength_simulans_-0.57549_F
159,21,0,18,NA,18,NA,NA,NA,NA,NA,NA,NA,NA,winglength,left wing,mm,2.68,50,2,0.02,1,0,Diptera,Drosophilidae,drosophila,simulans,0,1,1,1,0,44.834999,-0.57549,0,NA,F,NA,NA,3,18,159_winglength_simulans_-0.57549_F,159_winglength,159_winglength_simulans_-0.57549_F_NA,TRUE,159_winglength_simulans_-0.57549_F
159,21,0,18,NA,21,NA,NA,NA,NA,NA,NA,NA,NA,winglength,left wing,mm,2.57,50,2,0.02,1,0,Diptera,Drosophilidae,drosophila,simulans,0,1,1,1,0,44.834999,-0.57549,0,NA,F,NA,NA,3,21,159_winglength_simulans_-0.57549_F,159_winglength,159_winglength_simulans_-0.57549_F_NA,TRUE,159_winglength_simulans_-0.57549_F
159,21,0,18,NA,26,NA,NA,NA,NA,NA,NA,NA,NA,winglength,left wing,mm,2.33,50,2,0.025,1,0,Diptera,Drosophilidae,drosophila,simulans,0,1,1,1,0,44.834999,-0.57549,0,NA,F,NA,NA,3,26,159_winglength_simulans_-0.57549_F,159_winglength,159_winglength_simulans_-0.57549_F_NA,TRUE,159_winglength_simulans_-0.57549_F
159,21,0,18,NA,28,NA,NA,NA,NA,NA,NA,NA,NA,winglength,left wing,mm,2.23,50,2,0.02,1,0,Diptera,Drosophilidae,drosophila,simulans,0,1,1,1,0,44.834999,-0.57549,0,NA,F,NA,NA,3,28,159_winglength_simulans_-0.57549_F,159_winglength,159_winglength_simulans_-0.57549_F_NA,TRUE,159_winglength_simulans_-0.57549_F
159,21,0,18,NA,30,NA,NA,NA,NA,NA,NA,NA,NA,winglength,left wing,mm,2.09,50,2,0.025,1,0,Diptera,Drosophilidae,drosophila,simulans,0,1,1,1,0,44.834999,-0.57549,0,NA,F,NA,NA,3,30,159_winglength_simulans_-0.57549_F,159_winglength,159_winglength_simulans_-0.57549_F_NA,TRUE,159_winglength_simulans_-0.57549_F
159,21,0,18,NA,12,NA,NA,NA,NA,NA,NA,NA,NA,winglength,left wing,mm,2.41,50,2,0.025,1,0,Diptera,Drosophilidae,drosophila,simulans,0,1,1,1,0,37.88472,-4.77913,0,NA,M,NA,NA,3,12,159_winglength_simulans_-4.77913_M,159_winglength,159_winglength_simulans_-4.77913_M_NA,TRUE,159_winglength_simulans_-4.77913_M
159,21,0,18,NA,14,NA,NA,NA,NA,NA,NA,NA,NA,winglength,left wing,mm,2.47,50,2,0.025,1,0,Diptera,Drosophilidae,drosophila,simulans,0,1,1,1,0,37.88472,-4.77913,0,NA,M,NA,NA,3,14,159_winglength_simulans_-4.77913_M,159_winglength,159_winglength_simulans_-4.77913_M_NA,TRUE,159_winglength_simulans_-4.77913_M
159,21,0,18,NA,16,NA,NA,NA,NA,NA,NA,NA,NA,winglength,left wing,mm,2.46,50,2,0.025,1,0,Diptera,Drosophilidae,drosophila,simulans,0,1,1,1,0,37.88472,-4.77913,0,NA,M,NA,NA,3,16,159_winglength_simulans_-4.77913_M,159_winglength,159_winglength_simulans_-4.77913_M_NA,TRUE,159_winglength_simulans_-4.77913_M
159,21,0,18,NA,18,NA,NA,NA,NA,NA,NA,NA,NA,winglength,left wing,mm,2.39,50,2,0.02,1,0,Diptera,Drosophilidae,drosophila,simulans,0,1,1,1,0,37.88472,-4.77913,0,NA,M,NA,NA,3,18,159_winglength_simulans_-4.77913_M,159_winglength,159_winglength_simulans_-4.77913_M_NA,TRUE,159_winglength_simulans_-4.77913_M
159,21,0,18,NA,21,NA,NA,NA,NA,NA,NA,NA,NA,winglength,left wing,mm,2.27,50,2,0.02,1,0,Diptera,Drosophilidae,drosophila,simulans,0,1,1,1,0,37.88472,-4.77913,0,NA,M,NA,NA,3,21,159_winglength_simulans_-4.77913_M,159_winglength,159_winglength_simulans_-4.77913_M_NA,TRUE,159_winglength_simulans_-4.77913_M
159,21,0,18,NA,26,NA,NA,NA,NA,NA,NA,NA,NA,winglength,left wing,mm,2.05,50,2,0.02,1,0,Diptera,Drosophilidae,drosophila,simulans,0,1,1,1,0,37.88472,-4.77913,0,NA,M,NA,NA,3,26,159_winglength_simulans_-4.77913_M,159_winglength,159_winglength_simulans_-4.77913_M_NA,TRUE,159_winglength_simulans_-4.77913_M
159,21,0,18,NA,28,NA,NA,NA,NA,NA,NA,NA,NA,winglength,left wing,mm,1.95,50,2,0.02,1,0,Diptera,Drosophilidae,drosophila,simulans,0,1,1,1,0,37.88472,-4.77913,0,NA,M,NA,NA,3,28,159_winglength_simulans_-4.77913_M,159_winglength,159_winglength_simulans_-4.77913_M_NA,TRUE,159_winglength_simulans_-4.77913_M
159,21,0,18,NA,30,NA,NA,NA,NA,NA,NA,NA,NA,winglength,left wing,mm,1.87,50,2,0.015,1,0,Diptera,Drosophilidae,drosophila,simulans,0,1,1,1,0,37.88472,-4.77913,0,NA,M,NA,NA,3,30,159_winglength_simulans_-4.77913_M,159_winglength,159_winglength_simulans_-4.77913_M_NA,TRUE,159_winglength_simulans_-4.77913_M
159,21,0,18,NA,12,NA,NA,NA,NA,NA,NA,NA,NA,winglength,left wing,mm,2.45,50,2,0.025,1,0,Diptera,Drosophilidae,drosophila,simulans,0,1,1,1,0,44.834999,-0.57549,0,NA,M,NA,NA,3,12,159_winglength_simulans_-0.57549_M,159_winglength,159_winglength_simulans_-0.57549_M_NA,TRUE,159_winglength_simulans_-0.57549_M
159,21,0,18,NA,14,NA,NA,NA,NA,NA,NA,NA,NA,winglength,left wing,mm,2.53,50,2,0.025,1,0,Diptera,Drosophilidae,drosophila,simulans,0,1,1,1,0,44.834999,-0.57549,0,NA,M,NA,NA,3,14,159_winglength_simulans_-0.57549_M,159_winglength,159_winglength_simulans_-0.57549_M_NA,TRUE,159_winglength_simulans_-0.57549_M
159,21,0,18,NA,16,NA,NA,NA,NA,NA,NA,NA,NA,winglength,left wing,mm,2.51,50,2,0.025,1,0,Diptera,Drosophilidae,drosophila,simulans,0,1,1,1,0,44.834999,-0.57549,0,NA,M,NA,NA,3,16,159_winglength_simulans_-0.57549_M,159_winglength,159_winglength_simulans_-0.57549_M_NA,TRUE,159_winglength_simulans_-0.57549_M
159,21,0,18,NA,18,NA,NA,NA,NA,NA,NA,NA,NA,winglength,left wing,mm,2.43,50,2,0.02,1,0,Diptera,Drosophilidae,drosophila,simulans,0,1,1,1,0,44.834999,-0.57549,0,NA,M,NA,NA,3,18,159_winglength_simulans_-0.57549_M,159_winglength,159_winglength_simulans_-0.57549_M_NA,TRUE,159_winglength_simulans_-0.57549_M
159,21,0,18,NA,21,NA,NA,NA,NA,NA,NA,NA,NA,winglength,left wing,mm,2.3,50,2,0.02,1,0,Diptera,Drosophilidae,drosophila,simulans,0,1,1,1,0,44.834999,-0.57549,0,NA,M,NA,NA,3,21,159_winglength_simulans_-0.57549_M,159_winglength,159_winglength_simulans_-0.57549_M_NA,TRUE,159_winglength_simulans_-0.57549_M
159,21,0,18,NA,26,NA,NA,NA,NA,NA,NA,NA,NA,winglength,left wing,mm,2.07,50,2,0.02,1,0,Diptera,Drosophilidae,drosophila,simulans,0,1,1,1,0,44.834999,-0.57549,0,NA,M,NA,NA,3,26,159_winglength_simulans_-0.57549_M,159_winglength,159_winglength_simulans_-0.57549_M_NA,TRUE,159_winglength_simulans_-0.57549_M
159,21,0,18,NA,28,NA,NA,NA,NA,NA,NA,NA,NA,winglength,left wing,mm,1.97,50,2,0.02,1,0,Diptera,Drosophilidae,drosophila,simulans,0,1,1,1,0,44.834999,-0.57549,0,NA,M,NA,NA,3,28,159_winglength_simulans_-0.57549_M,159_winglength,159_winglength_simulans_-0.57549_M_NA,TRUE,159_winglength_simulans_-0.57549_M
159,21,0,18,NA,30,NA,NA,NA,NA,NA,NA,NA,NA,winglength,left wing,mm,1.86,50,2,0.02,1,0,Diptera,Drosophilidae,drosophila,simulans,0,1,1,1,0,44.834999,-0.57549,0,NA,M,NA,NA,3,30,159_winglength_simulans_-0.57549_M,159_winglength,159_winglength_simulans_-0.57549_M_NA,TRUE,159_winglength_simulans_-0.57549_M
168,28,0,18,NA,18,NA,NA,NA,NA,NA,NA,NA,NA,fecundity/body weight,eggs per gram body weight per day,eggs/g/day,0.43,7,2,0.555,1,0,Cyprinodontiformes,Cyprinodontidae,Cyprinodon,n. nevadensis,1,1,0,1,1,35.68166667,116.4236111,1,NA,NA,NA,NA,3,18,168_fecundity/body weight_n. nevadensis_116.4236111,168_fecundity/body weight,168_fecundity/body weight_n. nevadensis_116.4236111_NA_NA,TRUE,168_fecundity/body weight_n. nevadensis_116.4236111
168,28,0,18,NA,20,NA,NA,NA,NA,NA,NA,NA,NA,fecundity/body weight,eggs per gram body weight per day,eggs/g/day,0.73,14,2,0.7,1,0,Cyprinodontiformes,Cyprinodontidae,Cyprinodon,n. nevadensis,1,1,0,1,1,35.68166667,116.4236111,1,NA,NA,NA,NA,3,20,168_fecundity/body weight_n. nevadensis_116.4236111,168_fecundity/body weight,168_fecundity/body weight_n. nevadensis_116.4236111_NA_NA,TRUE,168_fecundity/body weight_n. nevadensis_116.4236111
168,28,0,18,NA,22,NA,NA,NA,NA,NA,NA,NA,NA,fecundity/body weight,eggs per gram body weight per day,eggs/g/day,0.58,7,2,0.57,1,0,Cyprinodontiformes,Cyprinodontidae,Cyprinodon,n. nevadensis,1,1,0,1,1,35.68166667,116.4236111,1,NA,NA,NA,NA,3,22,168_fecundity/body weight_n. nevadensis_116.4236111,168_fecundity/body weight,168_fecundity/body weight_n. nevadensis_116.4236111_NA_NA,TRUE,168_fecundity/body weight_n. nevadensis_116.4236111
168,28,0,18,NA,24,NA,NA,NA,NA,NA,NA,NA,NA,fecundity/body weight,eggs per gram body weight per day,eggs/g/day,4.11,10,2,3.49,1,0,Cyprinodontiformes,Cyprinodontidae,Cyprinodon,n. nevadensis,1,1,0,1,1,35.68166667,116.4236111,1,NA,NA,NA,NA,3,24,168_fecundity/body weight_n. nevadensis_116.4236111,168_fecundity/body weight,168_fecundity/body weight_n. nevadensis_116.4236111_NA_NA,TRUE,168_fecundity/body weight_n. nevadensis_116.4236111
168,28,0,18,NA,26,NA,NA,NA,NA,NA,NA,NA,NA,fecundity/body weight,eggs per gram body weight per day,eggs/g/day,2.81,10,2,1.71,1,0,Cyprinodontiformes,Cyprinodontidae,Cyprinodon,n. nevadensis,1,1,0,1,1,35.68166667,116.4236111,1,NA,NA,NA,NA,3,26,168_fecundity/body weight_n. nevadensis_116.4236111,168_fecundity/body weight,168_fecundity/body weight_n. nevadensis_116.4236111_NA_NA,TRUE,168_fecundity/body weight_n. nevadensis_116.4236111
168,28,0,18,NA,28,NA,NA,NA,NA,NA,NA,NA,NA,fecundity/body weight,eggs per gram body weight per day,eggs/g/day,5.82,12,2,3.715,1,0,Cyprinodontiformes,Cyprinodontidae,Cyprinodon,n. nevadensis,1,1,0,1,1,35.68166667,116.4236111,1,NA,NA,NA,NA,3,28,168_fecundity/body weight_n. nevadensis_116.4236111,168_fecundity/body weight,168_fecundity/body weight_n. nevadensis_116.4236111_NA_NA,TRUE,168_fecundity/body weight_n. nevadensis_116.4236111
168,28,0,18,NA,30,NA,NA,NA,NA,NA,NA,NA,NA,fecundity/body weight,eggs per gram body weight per day,eggs/g/day,7.62,10,2,5.955,1,0,Cyprinodontiformes,Cyprinodontidae,Cyprinodon,n. nevadensis,1,1,0,1,1,35.68166667,116.4236111,1,NA,NA,NA,NA,3,30,168_fecundity/body weight_n. nevadensis_116.4236111,168_fecundity/body weight,168_fecundity/body weight_n. nevadensis_116.4236111_NA_NA,TRUE,168_fecundity/body weight_n. nevadensis_116.4236111
168,28,0,18,NA,32,NA,NA,NA,NA,NA,NA,NA,NA,fecundity/body weight,eggs per gram body weight per day,eggs/g/day,4.86,10,2,3.23,1,0,Cyprinodontiformes,Cyprinodontidae,Cyprinodon,n. nevadensis,1,1,0,1,1,35.68166667,116.4236111,1,NA,NA,NA,NA,3,32,168_fecundity/body weight_n. nevadensis_116.4236111,168_fecundity/body weight,168_fecundity/body weight_n. nevadensis_116.4236111_NA_NA,TRUE,168_fecundity/body weight_n. nevadensis_116.4236111
168,28,0,18,NA,34,NA,NA,NA,NA,NA,NA,NA,NA,fecundity/body weight,eggs per gram body weight per day,eggs/g/day,2.13,9,2,0.945,1,0,Cyprinodontiformes,Cyprinodontidae,Cyprinodon,n. nevadensis,1,1,0,1,1,35.68166667,116.4236111,1,NA,NA,NA,NA,3,34,168_fecundity/body weight_n. nevadensis_116.4236111,168_fecundity/body weight,168_fecundity/body weight_n. nevadensis_116.4236111_NA_NA,TRUE,168_fecundity/body weight_n. nevadensis_116.4236111
168,28,0,18,NA,36,NA,NA,NA,NA,NA,NA,NA,NA,fecundity/body weight,eggs per gram body weight per day,eggs/g/day,0.18,10,2,0.83,1,0,Cyprinodontiformes,Cyprinodontidae,Cyprinodon,n. nevadensis,1,1,0,1,1,35.68166667,116.4236111,1,NA,NA,NA,NA,3,36,168_fecundity/body weight_n. nevadensis_116.4236111,168_fecundity/body weight,168_fecundity/body weight_n. nevadensis_116.4236111_NA_NA,TRUE,168_fecundity/body weight_n. nevadensis_116.4236111
